{
    "country": {
        "NATIONALITY": 1569,
        "COUNTRY": 4923,
        "MONEY": 5,
        "MISC": 126,
        "LOCATION": 148,
        "PERSON": 5,
        "ORGANIZATION": 27,
        "IDEOLOGY": 1,
        "CITY": 30,
        "STATE_OR_PROVINCE": 20
    },
    "company": {
        "MISC": 2,
        "ORGANIZATION": 310,
        "PERSON": 19,
        "TITLE": 1,
        "LOCATION": 1
    },
    "earthquake": {
        "ORGANIZATION": 1,
        "CITY": 1
    },
    "political-party": {
        "ORGANIZATION": 109,
        "MISC": 12,
        "IDEOLOGY": 28,
        "RELIGION": 2,
        "TITLE": 1,
        "PERSON": 1
    },
    "local-region": {
        "LOCATION": 2,
        "STATE_OR_PROVINCE": 1,
        "ORGANIZATION": 2
    },
    "government-organization": {
        "ORGANIZATION": 346,
        "CITY": 2,
        "TITLE": 3,
        "PERSON": 2,
        "STATE_OR_PROVINCE": 3,
        "LOCATION": 8,
        "COUNTRY": 1,
        "MISC": 2
    },
    "mountain": {
        "LOCATION": 1,
        "MISC": 1
    },
    "county": {
        "LOCATION": 19,
        "CITY": 1
    },
    "city": {
        "LOCATION": 92,
        "CITY": 651,
        "STATE_OR_PROVINCE": 36,
        "MISC": 4,
        "PERSON": 13,
        "ORGANIZATION": 15
    },
    "province": {
        "STATE_OR_PROVINCE": 39,
        "LOCATION": 38,
        "RELIGION": 9,
        "MISC": 3,
        "COUNTRY": 1,
        "CITY": 11,
        "ORGANIZATION": 1,
        "PERSON": 2
    },
    "military": {
        "ORGANIZATION": 119,
        "PERSON": 1,
        "NATIONALITY": 4,
        "COUNTRY": 1
    },
    "publication": {
        "ORGANIZATION": 165,
        "NUMBER": 2,
        "PERSON": 3
    },
    "person": {
        "PERSON": 2553,
        "MISC": 8,
        "LOCATION": 12,
        "ORGANIZATION": 30,
        "CRIMINAL_CHARGE": 1,
        "HANDLE": 11,
        "TITLE": 1,
        "NUMBER": 1,
        "DURATION": 3,
        "CITY": 2
    },
    "league": {
        "ORGANIZATION": 2
    },
    "thing": {
        "NUMBER": 6,
        "PERSON": 1,
        "ORGANIZATION": 6,
        "MISC": 2,
        "CITY": 1
    },
    "country-region": {
        "LOCATION": 25,
        "STATE_OR_PROVINCE": 4,
        "COUNTRY": 5,
        "ORGANIZATION": 1,
        "MISC": 3,
        "CITY": 2
    },
    "river": {
        "CITY": 3,
        "LOCATION": 5
    },
    "nation": {
        "NATIONALITY": 1
    },
    "religious-group": {
        "RELIGION": 34,
        "MISC": 6,
        "IDEOLOGY": 79,
        "ORGANIZATION": 1
    },
    "organization": {
        "ORGANIZATION": 980,
        "LOCATION": 16,
        "PERSON": 4,
        "NATIONALITY": 4,
        "RELIGION": 1,
        "MISC": 4,
        "COUNTRY": 1
    },
    "palace": {
        "LOCATION": 1
    },
    "milk": {
        "ORGANIZATION": 1
    },
    "ethnic-group": {
        "MISC": 50,
        "LOCATION": 5,
        "PERSON": 2,
        "NATIONALITY": 1
    },
    "city-district": {
        "LOCATION": 8,
        "CITY": 3,
        "ORGANIZATION": 1
    },
    "stop": {
        "LOCATION": 1
    },
    "road": {
        "LOCATION": 3
    },
    "band": {
        "MISC": 1
    },
    "game": {
        "MISC": 19,
        "COUNTRY": 1
    },
    "event": {
        "MISC": 3,
        "ORGANIZATION": 1,
        "DATE": 1,
        "PERSON": 2,
        "DURATION": 1
    },
    "location": {
        "LOCATION": 4,
        "PERSON": 1,
        "ORGANIZATION": 3
    },
    "university": {
        "ORGANIZATION": 27
    },
    "world-region": {
        "MISC": 70,
        "LOCATION": 148,
        "ORGANIZATION": 3,
        "CITY": 8,
        "NATIONALITY": 8
    },
    "ocean": {
        "LOCATION": 11
    },
    "strait": {
        "LOCATION": 1
    },
    "island": {
        "LOCATION": 21,
        "DATE": 1,
        "COUNTRY": 1
    },
    "regime": {
        "PERSON": 1
    },
    "conference": {
        "ORGANIZATION": 4,
        "MISC": 1
    },
    "facility": {
        "ORGANIZATION": 5,
        "CITY": 2,
        "LOCATION": 15
    },
    "language": {
        "NATIONALITY": 12,
        "MISC": 5
    },
    "broadcast-program": {
        "PERSON": 1,
        "STATE_OR_PROVINCE": 1
    },
    "family": {
        "PERSON": 1
    },
    "station": {
        "LOCATION": 2,
        "ORGANIZATION": 2,
        "CITY": 1
    },
    "sea": {
        "ORGANIZATION": 1,
        "LOCATION": 14,
        "MISC": 1
    },
    "continent": {
        "LOCATION": 90,
        "CITY": 34,
        "NATIONALITY": 64,
        "COUNTRY": 3,
        "MISC": 4,
        "MONEY": 1,
        "IDEOLOGY": 1
    },
    "pass": {
        "LOCATION": 1
    },
    "newspaper": {
        "ORGANIZATION": 46,
        "MISC": 4,
        "PERSON": 3,
        "SET": 1
    },
    "comrade": {
        "PERSON": 1
    },
    "state": {
        "STATE_OR_PROVINCE": 27,
        "PERSON": 1,
        "ORGANIZATION": 2,
        "LOCATION": 16,
        "CITY": 6
    },
    "research-institute": {
        "ORGANIZATION": 38
    },
    "law": {
        "ORGANIZATION": 2,
        "DATE": 2,
        "NUMBER": 1,
        "MISC": 5
    },
    "treaty": {
        "ORGANIZATION": 44,
        "MISC": 12
    },
    "dispersant": {
        "LOCATION": 1
    },
    "aircraft-type": {
        "MISC": 5,
        "ORGANIZATION": 3
    },
    "vehicle": {
        "ORGANIZATION": 1
    },
    "animal": {
        "PERSON": 1
    },
    "network": {
        "ORGANIZATION": 4
    },
    "channel": {
        "MISC": 1,
        "ORGANIZATION": 4
    },
    "address": {
        "URL": 1
    },
    "movie": {
        "PERSON": 1
    },
    "theory": {
        "CITY": 1
    },
    "analyze-01": {
        "ORGANIZATION": 1
    },
    "product": {
        "ORGANIZATION": 5,
        "MISC": 6,
        "TITLE": 2,
        "PERSON": 2,
        "CITY": 1
    },
    "multivitamin": {
        "MISC": 1
    },
    "disease": {
        "ORGANIZATION": 1,
        "CAUSE_OF_DEATH": 12
    },
    "criminal-organization": {
        "ORGANIZATION": 115,
        "IDEOLOGY": 2,
        "PERSON": 9,
        "LOCATION": 3,
        "MISC": 1
    },
    "festival": {
        "DATE": 4
    },
    "gymnast": {
        "PERSON": 1
    },
    "series": {
        "MISC": 1
    },
    "club": {
        "ORGANIZATION": 1
    },
    "team": {
        "MISC": 1,
        "ORGANIZATION": 7,
        "PERSON": 1
    },
    "legend": {
        "PERSON": 1
    },
    "hospital": {
        "ORGANIZATION": 1
    },
    "bay": {
        "CITY": 2
    },
    "capital": {
        "LOCATION": 8,
        "CITY": 13
    },
    "building": {
        "ORGANIZATION": 1,
        "LOCATION": 2
    },
    "website": {
        "ORGANIZATION": 1
    },
    "group": {
        "ORGANIZATION": 28,
        "MISC": 1,
        "IDEOLOGY": 1,
        "LOCATION": 3
    },
    "show": {
        "NUMBER": 2
    },
    "peninsula": {
        "LOCATION": 10,
        "NATIONALITY": 2
    },
    "movement": {
        "DATE": 1,
        "ORGANIZATION": 8
    },
    "television": {
        "NUMBER": 2,
        "ORGANIZATION": 4
    },
    "doctor": {
        "PERSON": 2
    },
    "son": {
        "PERSON": 3,
        "TITLE": 1
    },
    "brother": {
        "PERSON": 3
    },
    "body": {
        "ORGANIZATION": 1
    },
    "war": {
        "MISC": 1,
        "CAUSE_OF_DEATH": 14
    },
    "agency": {
        "ORGANIZATION": 29
    },
    "platform": {
        "PERSON": 2
    },
    "monopoly": {
        "ORGANIZATION": 1
    },
    "subsidiary": {
        "ORGANIZATION": 2
    },
    "spaceship": {
        "ORGANIZATION": 1,
        "CITY": 1,
        "LOCATION": 3,
        "PERSON": 2
    },
    "book": {
        "MISC": 2
    },
    "journalist": {
        "PERSON": 2
    },
    "program": {
        "NUMBER": 2,
        "ORGANIZATION": 3
    },
    "dissident": {
        "PERSON": 1
    },
    "plane": {
        "MISC": 1,
        "DATE": 1,
        "ORGANIZATION": 1
    },
    "firm": {
        "ORGANIZATION": 5
    },
    "jet": {
        "NUMBER": 1,
        "MISC": 3,
        "DATE": 1
    },
    "boy": {
        "PERSON": 1
    },
    "radar": {
        "ORGANIZATION": 1
    },
    "republic": {
        "LOCATION": 1,
        "STATE_OR_PROVINCE": 1,
        "COUNTRY": 3
    },
    "seminar": {
        "ORGANIZATION": 1
    },
    "magazine": {
        "ORGANIZATION": 3,
        "PERSON": 6
    },
    "reactor": {
        "LOCATION": 3,
        "ORGANIZATION": 1
    },
    "rocket": {
        "MISC": 4
    },
    "missile": {
        "MISC": 1,
        "PERSON": 2
    },
    "planet": {
        "LOCATION": 2
    },
    "satellite": {
        "MISC": 1
    },
    "territory": {
        "LOCATION": 2
    },
    "institution": {
        "PERSON": 1
    },
    "virus": {
        "MISC": 3
    },
    "complex": {
        "LOCATION": 1
    },
    "incident": {
        "LOCATION": 1
    },
    "award": {
        "MISC": 3
    },
    "township": {
        "LOCATION": 1
    },
    "district": {
        "CITY": 7
    },
    "desert": {
        "CITY": 1
    },
    "lawyer": {
        "PERSON": 5
    },
    "plant": {
        "LOCATION": 1
    },
    "accomplice": {
        "PERSON": 1
    },
    "town": {
        "CITY": 5,
        "LOCATION": 1
    },
    "supertanker": {
        "CITY": 1
    },
    "ship": {
        "CITY": 1,
        "PERSON": 2
    },
    "car-make": {
        "PERSON": 2
    },
    "model": {
        "PERSON": 1
    },
    "revolution": {
        "MISC": 4
    },
    "temple": {
        "LOCATION": 1
    },
    "drug": {
        "MISC": 2
    },
    "worship-place": {
        "LOCATION": 2
    },
    "consortium": {
        "ORGANIZATION": 1
    },
    "department": {
        "LOCATION": 1,
        "PERSON": 1,
        "ORGANIZATION": 1
    },
    "man": {
        "PERSON": 5
    },
    "system": {
        "MISC": 4,
        "NUMBER": 1
    },
    "radio": {
        "ORGANIZATION": 1
    },
    "watchdog": {
        "ORGANIZATION": 1
    },
    "activist": {
        "PERSON": 1
    },
    "valley": {
        "CITY": 3
    },
    "operation": {
        "MISC": 2
    },
    "alliance": {
        "ORGANIZATION": 2
    },
    "bank": {
        "ORGANIZATION": 4
    },
    "journal": {
        "ORGANIZATION": 1
    },
    "daughter": {
        "PERSON": 3
    },
    "sister": {
        "PERSON": 2
    },
    "mother": {
        "PERSON": 2
    },
    "husband": {
        "PERSON": 2
    },
    "socialite": {
        "PERSON": 1
    },
    "field": {
        "LOCATION": 2
    },
    "rifle": {
        "MISC": 1
    },
    "village": {
        "LOCATION": 2
    },
    "port": {
        "LOCATION": 3
    },
    "initiative": {
        "ORGANIZATION": 4
    },
    "school": {
        "ORGANIZATION": 1
    },
    "laboratory": {
        "ORGANIZATION": 1
    },
    "moon": {
        "PERSON": 2
    },
    "cartel": {
        "CITY": 1
    },
    "enclave": {
        "CITY": 2
    },
    "cosmonaut": {
        "PERSON": 1
    },
    "area": {
        "PERSON": 1
    },
    "cleric": {
        "PERSON": 1
    },
    "cosmodrome": {
        "MISC": 1
    },
    "range": {
        "LOCATION": 1
    },
    "airport": {
        "PERSON": 1,
        "LOCATION": 1,
        "ORGANIZATION": 1
    },
    "report": {
        "PERSON": 2
    },
    "businessman": {
        "PERSON": 3
    },
    "project": {
        "ORGANIZATION": 2
    },
    "attorney": {
        "PERSON": 1
    },
    "shop": {
        "ORGANIZATION": 1
    },
    "region": {
        "CITY": 2
    },
    "card": {
        "LOCATION": 1
    },
    "date-entity": {
        "DATE": 1
    },
    "base": {
        "ORGANIZATION": 1,
        "CITY": 2
    },
    "hotel": {
        "LOCATION": 1
    },
    "wife": {
        "PERSON": 2
    },
    "exhibit-01": {
        "COUNTRY": 1
    }
}